Número de Testes,Número de Tipos 1,Número de Tipos 2,Proporção
10,2,3,0.666666666667
100,12,14,0.857142857143
1000,81,88,0.920454545455
10000,610,620,0.983870967742
